player,scaled_pts,scaled_fgm,scaled_fga,scaled_3pm,scaled_3pa,scaled_ftm,scaled_fta,scaled_ast,scaled_tov,scaled_stl,scaled_blk,scaled_pf,scaled_possessions,scaled_possessions_per_match,scaled_oer,scaled_def_contribution,scaled_def_per_match,scaled_fg2a,scaled_fg2m,scaled_pct_2pa,scaled_pct_3pa,scaled_fg2_pct,scaled_fg3_pct,scaled_best_zone_pct,scaled_OER,scaled_fga_2,scaled_fgm_2,scaled_defensive_contribution,scaled_total_defensive_actions,scaled_best_zone_efficiency
9,0.16534745604507534,0.13690708969640092,0.16776695189447877,0.4769900943590536,0.3430877381067262,0.01676786296613145,-0.07400420357800844,0.6800998282948121,0.18330070766686934,0.23595087922537522,-0.4022270133928616,0.26104217970671095,0.1463142118373853,-0.8201565623468825,0.24446135102699304,0.1514977704266761,-0.8187969906367653,-0.046044725153491194,-0.08374477446044412,-0.39849352208185285,0.39849352208185207,-0.13632966276030228,0.5735964519021283,-0.3735507995307477,0.2444821326561725,-0.046044725153491194,-0.08374477446044412,0.07725129299867907,0.1514977704266761,0.0
51,0.08661825732150216,0.05966768029242096,0.36883701315368134,0.8873306850261514,0.9532887083412546,-0.30447065805939005,-0.4755296700707818,1.0553348194353884,0.8295581566899283,1.2339194252417798,-1.6305041752025033,-0.21017608779568947,0.352033248048236,0.9682872718179726,-0.6014713814088493,0.7833961446946286,1.0667768136882503,-0.2735473663039906,-0.3999550802035549,-1.0452736604783373,1.0452736604783357,-0.5014896460016768,0.2341224952358303,1.3130595928772348,-0.6020996825779468,-0.2735473663039906,-0.3999550802035549,0.5711772782906513,0.7833961446946286,0.0
69,-0.46207968341616784,-0.4158243833336108,-0.13873325924433394,0.6375969353810165,0.6802894164631653,-1.025411438008165,-1.1580572594527072,-1.3400176542279558,-0.8863818488338729,-0.8362423561439096,-1.3681977986427698,-0.22625433507015028,-0.40463424414225074,0.33450127139455815,-0.3076658854118362,-1.1243354148372935,0.09019767258633857,-0.7966392603739562,-0.8616963301351083,-1.2693484127199242,1.2693484127199233,-0.45394246177540254,0.23610056324842357,-0.6047467893113108,-0.3073571208480292,-0.7966392603739562,-0.8616963301351083,-1.2613389823242984,-1.1243354148372935,0.0
34,0.060940846707307955,0.31287056435855487,0.018725623410212354,-0.9001289484562027,-0.8746027274821919,-0.07600749076171294,0.13890630449880484,-0.6948141051511847,0.28416086897822707,-0.37318515285477755,1.4254975896863513,0.9345554187699552,0.07991137337439456,-0.7467712776950916,0.08691347636192875,0.25121834759117456,-0.7441469729504846,0.7853247267484427,0.8732313688297481,1.2816633408392526,-1.281663340839253,0.33776421681647595,-0.21410520919325088,-0.2898830549221464,0.08647290203601758,0.7853247267484427,0.8732313688297481,0.15683341971145595,0.25121834759117456,0.0
94,-1.5176467495787047,-1.3875705784323593,-1.164187491200994,-1.4748402343552751,-1.2821463967186526,-1.3885970976138742,-1.2676064892965864,-0.814233670532952,-0.4176558511320984,-1.4691190916310188,-0.5826200083891587,-0.7835219194231741,-1.106444706268171,0.6851511010908811,-2.6382389502770227,-0.9612818327726006,0.7730855705698707,-0.6317833977853513,-0.9483456290341646,1.1337383440865485,-1.1337383440865498,-1.3967280504810076,-1.5235199383878952,0.03452200475153741,-2.6387931732645944,-0.6317833977853513,-0.9483456290341646,-1.5722198026407888,-0.9612818327726006,0.0
38,-1.8595819417386452,-1.931508436059354,-2.0138903733101836,-1.5239319965513,-1.4547724690756474,-1.2703791715150474,-1.403706966336669,-1.7295800578709486,-1.336517865290635,-0.5048044580561849,-1.0448766779702288,-1.489561836497555,-1.913127191905305,0.26183425725215403,-1.1975984747361181,-1.2262173718680824,0.7022728309723874,-1.7537203659450686,-1.6031129398452937,0.4949203942421681,-0.4949203942421701,0.391507645583713,-1.118742372133103,0.03452200475153741,-1.1981806948649494,-1.7537203659450686,-1.6031129398452937,-0.8388142839396384,-1.2262173718680824,0.0
22,0.42549093419059275,0.4513435000647189,0.32438126982850446,0.5158474458524958,0.3455813295370311,0.17684642419809363,0.14986388846864776,0.07695417925842736,0.2284315430893148,0.5186144879243376,0.5664259042358493,0.35055633585480467,0.3003258321760389,-0.797976059792007,0.65039551457842,0.4474926312449121,-0.7961944155646447,0.18613828196546683,0.28915390652092693,-0.2486968852848182,0.2486968852848168,0.34467123965034746,0.6559333844970326,-0.2993636074341538,0.6499606263689098,0.18613828196546683,0.28915390652092693,0.6825319102309165,0.4474926312449121,0.0
75,-1.0272227962854463,-0.9285475347560149,-0.8987955687617599,-1.3311352577450932,-1.2991320637313193,-0.7872415956539001,-0.8993346102469503,-0.1935073734683647,-0.3027088547999116,-0.6318443674100345,-0.7399631876757387,-0.07064857072830101,-0.8404714853337654,0.07603624562476714,-1.2075339262915739,-0.5686040717196895,0.14968991340090843,-0.21996954341381642,-0.4505060208141326,1.3955688864255025,-1.395568886425504,-0.8461531069982996,-0.6316159102994539,0.03452200475153741,-1.208067365005318,-0.21996954341381642,-0.4505060208141326,-0.8491779982877466,-0.5686040717196895,0.0
44,1.189878556293252,1.1935511065971454,1.1769546092611993,1.1446517869642194,0.9559657582623406,0.8283442482565918,0.6271650024705923,0.34334661420098284,0.7142628570959235,0.38164566208315254,-0.021740971901515176,0.8580919613669163,1.0814419742649148,-0.7084840628142858,0.7809757350215367,0.6107323456018304,-0.7246431365265303,0.9333218370993869,0.8820550301142317,-0.28869983296369195,0.2886998329636905,-0.011504921399513608,0.7040209444281462,-0.34903927168617144,0.7806915605990866,0.9333218370993869,0.8820550301142317,0.34724301843906374,0.6107323456018304,0.0
98,-1.5865818434151064,-1.7335433608211113,-1.4172927505643373,-0.9114254847883713,-0.8957224721804815,-1.0774663368861166,-1.1578689091757353,-1.2337986676229047,-1.455827929116452,-1.0248508706158028,-0.500202152572379,-1.9080281728762405,-1.455140677306859,-0.1991681919851791,-1.6830162507311817,-1.4310927254609054,-0.17321539312642265,-1.3451038241074742,-1.682903090182349,-0.0870644964437576,0.08706449644375554,-2.175859567724282,-0.18672297483856948,1.3130595928772348,-1.6827460780177472,-1.3451038241074742,-1.682903090182349,-1.1299195047398436,-1.4310927254609054,0.0
27,0.5265273241653915,0.7359644157980956,0.5335953142094315,0.3424900480823322,0.26464123717056076,-0.06947997169606514,-0.1598680594568082,-0.05014915724154347,0.35705041303689355,-0.01914478787806034,0.8373219075399351,0.6977684906995274,0.43741319553541147,-0.6558935995002632,0.5709119021347837,0.35145060753642593,-0.6647590151171494,0.5692703077618338,0.7382429260406745,0.0456829819136466,-0.045682981913648654,0.5517609523124148,0.4382321221685691,-0.12529519376417436,0.5713253450112654,0.5692703077618338,0.7382429260406745,0.27817697829536375,0.35145060753642593,0.0
15,0.7754293886813197,0.9508722894164291,0.7194193269136032,0.3270250468074252,0.2168548257902007,0.3289524648576241,0.49579102976500594,0.09052886941919805,0.3384057245321854,0.061414998986190614,0.9349280727185847,0.7153119963438357,0.6593673411405407,-0.8147378161949346,0.7114275741333539,0.38779208241242075,-0.8152598114231393,0.8886965225555001,1.0155873434972653,0.253075013445721,-0.2530750134457223,0.4446775092503525,0.5094738485237565,-0.2877983956162848,0.7115694709763873,0.8886965225555001,1.0155873434972653,0.38759949669095983,0.38779208241242075,0.0
53,0.8714466453800189,0.9952560495690462,0.6370373157245472,1.0228891210121733,0.22533155065553176,0.20149014989992206,0.4788949977115358,-0.31420415345314545,0.22276312843294244,0.6155240992865341,0.6986030229444198,1.0407602721188225,0.5762167956681257,0.9809092648045596,1.2422645572390676,0.504247668299872,0.8767141347370925,0.7580883607185782,0.6989177805174119,0.17976983201951083,-0.17976983201951285,-0.05721949895905438,2.1362170798180222,1.3130595928772348,1.2421774029216561,0.7580883607185782,0.6989177805174119,0.8193800117577346,0.504247668299872,0.0
50,-0.31534723045938573,-0.14496969854742797,-0.3892738180555472,-0.5759113100662108,-0.607818695402074,-0.5050316990522704,-0.6739635954617482,-0.6582532207236075,-0.591312675706759,-0.056881856844604055,-0.031788701752687665,-0.22161916468472032,-0.4786074098036254,-0.49012022785232245,0.543944247912836,-0.4070549680101802,-0.4874984031296966,-0.05616961747135986,0.12656618006095016,0.5514954258811218,-0.5514954258811238,0.5921154128531602,0.1309153278164505,-0.3471310066292674,0.5441635142544539,-0.05616961747135986,0.12656618006095016,-0.0641366400037998,-0.4070549680101802,0.0
61,-1.0998156706111266,-1.2267663274629392,-0.341683160149241,0.17043511010007367,0.08580642876576783,-1.1161161208274528,-1.0834705497717683,-0.08266339184968842,0.5887168310415372,-0.9320915717225159,-1.8188878456408575,-1.5862060837016523,-0.29908500013099165,2.5800506236185945,-3.1108825742722157,-0.28912168566417307,2.5114346796860354,-0.5855593937232396,-1.6271227419224015,-0.5662979847261558,0.5662979847261543,-4.209856451468453,0.4336317320796545,1.3130595928772348,-3.1106228659912243,-0.5855593937232396,-1.6271227419224015,-1.5097907614486112,-0.28912168566417307,0.0
33,0.7714730473198477,0.7931201631313582,0.7408905563566605,1.197658791093073,1.03036357274958,0.24286867430984393,0.16507709772564852,0.5427677936433175,0.3503507502610634,0.10352157008665158,-0.19128342681308147,0.28879660441094196,0.6338918006296731,-0.7857840865153629,0.7710402834660812,0.23705628065640558,-0.7905543671291668,0.2164187630845916,0.3523472534239075,-0.758350938910751,0.7583509389107495,0.4476109283444684,0.6660759951057023,-0.18184589477742621,0.7708114280347084,0.2164187630845916,0.3523472534239075,0.028658430635461838,0.23705628065640558,0.0
25,0.8283548477223593,0.9365643297179013,0.5720461323468867,0.18149280417411512,0.03062115595899475,0.6417960327520374,0.5908714451960186,-0.08516044301199542,0.5217129329601213,0.2360409649127384,1.4911518285528576,0.17659436065247688,0.5925300181322817,-0.7430099941184202,1.062007079018679,0.6636270413476207,-0.7438496458174073,0.8294388324844754,1.0755230631064212,0.3843611037743177,-0.3843611037743183,0.7563353596740212,0.5961990585339334,-0.2528089159841574,1.0622354764779363,0.8294388324844754,1.0755230631064212,0.7466178562440299,0.6636270413476207,0.0
37,0.7025043348814527,0.8861642783252077,0.38971010872662254,0.386666315942642,0.15397863285714716,0.18690389237316712,0.42374254595261057,-0.2803850887911109,0.08936628326861716,-0.14396740061355032,-0.7191345263250607,0.8425869859951512,0.36184560139957456,-0.39951430061612875,1.3629093261267287,-0.11400863005949695,-0.4598219153785484,0.4497958323976932,0.9026668093642204,0.0746487306385182,-0.07464873063851887,1.3701219887738039,0.8019371496366784,-0.3110286947418938,1.3630562429375954,0.4497958323976932,0.9026668093642204,-0.3880927456496957,-0.11400863005949695,0.0
74,-1.8888947779344547,-1.9986267321161553,-2.0726925138260737,-1.1724682617784032,-1.2924385593576837,-1.4002902949588374,-1.5828222501780544,-1.2096398286913261,-2.331119773126733,-1.896010459151507,-1.215421511524774,-2.1764458081515374,-2.1473868179849585,-0.09193020216089962,0.08123607547309672,-2.460802205413213,-0.14907407063388559,-1.9822686012101636,-1.875156205752863,-0.18010498325821744,0.1801049832582147,0.030688469659346757,0.24924058647492747,1.3130595928772348,0.08065295825573279,-1.9822686012101636,-1.875156205752863,-2.192912608798951,-2.460802205413213,0.0
17,0.21011359223723505,0.346109260252289,0.08188780660544043,-0.3064060080338561,-0.3436882942688084,0.07885997754828114,0.14913212863508005,-0.10389547846960381,0.044213669341496994,-0.010205789467291714,1.0835714455047436,0.1755405839612666,0.08820496549421179,-0.8064426182089419,0.5780086532458222,0.19314732943753032,-0.8047159138541696,0.42012341936688974,0.5972463112330394,0.5312983402584049,-0.5312983402584053,0.5743591776674294,0.22617936546553,-0.2019577220063697,0.578198356903323,0.42012341936688974,0.5972463112330394,0.373535939858258,0.19314732943753032,0.0
86,0.0013325720672147925,-0.05468200928583376,0.0862307606483321,1.7730949953792607,1.5602791580954978,-0.8129300379098591,-1.0107254872434452,-0.020444794760028067,-0.24594490599389351,0.43832309945140485,-0.6467227851355433,-0.6806136932336252,-0.10982184326377385,0.40711307406662006,0.4758154372468617,-0.078535992945322,0.38308512353157154,-1.2219954496524914,-1.0169477101233086,-2.287715180828154,2.287715180828153,0.7106196275818134,0.7460541854982607,1.3130595928772348,0.47542139006705547,-1.2219954496524914,-1.0169477101233086,0.17903041213534165,-0.078535992945322,0.0
91,-0.23806573706720013,-0.09008787597144176,-0.16322504412605457,-0.6659326026517595,-0.5804655190044632,-0.3054855320359678,-0.0036361560594876693,0.09840603282805585,-0.0678562233440902,-0.1209097402283372,0.180782144066923,1.1489459482211755,-0.13378095903681625,-0.6208848576350418,-0.3261174383005368,-0.06488344739935434,-0.6212661799412694,0.25838269357049953,0.24343522996676362,0.6988890731989758,-0.6988890731989776,-0.008663252899317875,-0.26343810979898424,-0.4648210017696573,-0.32556434356456015,0.25838269357049953,0.24343522996676362,-0.04854137890049646,-0.06488344739935434,0.0
78,0.08558657564503878,-0.5192276231974914,0.5928053286513415,0.7081067912946318,1.8474627503652172,1.2492506563823305,1.4944326035756836,0.9875968306684199,1.0876024341703472,0.03455796411278978,-1.8188878456408575,-0.47479724085452824,0.8218152564067281,4.4542161058570535,-1.728435457841832,0.42711453666447813,3.7997543240056277,-0.7126754048940458,-1.0288785068344641,-1.9742495168525618,1.9742495168525602,-1.4534048828983448,-1.2192300092160386,-2.5225531714998564,-1.728881179163836,-0.7126754048940458,-1.0288785068344641,-0.6108125682812495,0.42711453666447813,0.0
40,1.1689733712118309,1.1578079952925269,0.7833790234217453,-0.2952666633770456,-0.1269075328697166,1.6165315641153644,1.7886386298555605,0.644819902036462,0.9779456294756887,0.6330886357426576,0.5680069284048803,0.4710385900228193,0.9844954470042732,-0.10527210121845942,0.9740073652417957,0.9748028624107623,-0.14178246966062547,1.2820582229147635,1.6075609563485185,0.7298556303296599,-0.7298556303296616,0.9285334608276246,-0.2878763179972636,1.3130595928772348,0.9743746964421972,1.2820582229147635,1.6075609563485185,0.789551041745748,0.9748028624107623,0.0
81,-2.033465637136315,-2.228542597332007,-2.180425236758793,-0.8838589779614265,-0.9253570401600278,-1.5172515379888116,-1.725987445134963,-0.4389363880878735,-1.0517859372807883,-1.237168907500325,-1.5663735639894465,-1.2866774593882433,-2.0321899203860587,-0.3364582300149617,-1.8320480240629988,-1.4257217530452884,-0.1364293418272411,-2.4613196436692255,-2.3174045516392527,-1.8139376429925866,1.8139376429925855,0.18262739306603668,0.038343213689522426,1.3130595928772348,-1.8314818201005347,-2.4613196436692255,-2.3174045516392527,-1.7042505833748844,-1.4257217530452884,0.0
2,0.44135870917226294,0.3393986496383733,0.5228706880968265,0.8317483983233722,0.7836540393335963,0.34849688323377387,0.30290330412572675,0.9169763742943459,0.7652850004834578,0.6472263815062778,-0.40901643975381385,0.15526384783280134,0.5587453509274808,-0.7981054511481177,-0.03231194230352585,0.69199299296134,-0.7967450332636656,0.103817534943499,-0.019990029200076507,-0.65260275676113,0.6526027567611278,-0.3787949290033852,0.4290155339478223,-0.3198881308405428,-0.03264760616261965,0.103817534943499,-0.019990029200076507,0.45733504374219236,0.69199299296134,0.0
20,0.15197682372595264,0.08386792400267022,0.1372985838853591,0.6469932180261811,0.5821146453819943,0.00887959521153322,-0.08621947135517968,-0.4255115092524059,-0.4319632566161613,-0.2585474025699452,-0.15176230669351717,0.025886940824126948,0.01878509269631364,-0.7758023404779374,0.5964602061345248,-0.4064578710586085,-0.782249640561301,-0.29860443781290713,-0.24109154379787248,-0.7793671099152271,0.7793671099152256,0.14619865616956357,0.44307764298527824,-0.30876398614056283,0.5965292732762174,-0.29860443781290713,-0.24109154379787248,-0.29409335336172543,-0.4064578710586085,0.0
11,0.5641068935744712,0.5273788736501946,0.5664620254887467,0.8166331651712297,0.7181218113343785,0.34208925801944523,0.2783296038044432,0.4977281939852368,0.34834347451453745,0.6281146966432404,0.1322366984498186,0.19844529296554117,0.5181639096909751,-0.8230292115042371,0.4587832345803696,0.5015108333512481,-0.8217907306103859,0.2257866858560232,0.22345298614996598,-0.5236104278736308,0.5236104278736293,0.024740900825427316,0.5226913334282788,-0.2987058957041648,0.45907004432964105,0.2257866858560232,0.22345298614996598,0.6308866628489899,0.5015108333512481,0.0
10,0.4997921394733815,0.4114145868519165,0.5735405681491195,0.9111888990424951,0.8497799624713919,0.34282982330090706,0.26791923080988,0.825409868168173,0.3812632318834191,0.6950819482172678,-0.5548763898466422,0.23370876623790507,0.5276012838318009,-0.8222427228469997,0.233106549249331,0.4429025759388007,-0.8213001467456292,0.12237747243516413,0.02768107367747775,-0.6896816448403461,0.6896816448403453,-0.28215305535438956,0.46063803925615826,-0.3925085280782995,0.23273767254413377,0.12237747243516413,0.02768107367747775,0.45028098956025087,0.4429025759388007,0.0
96,3.447478313437954,2.2801646415049337,3.267665300546938,5.113274252351265,5.247180928313561,4.404081281228627,3.720075698701745,3.09454279431579,0.5483272919576454,3.368798392066452,-1.431882261805543,0.6043968529245631,3.022305318979413,1.2085271967060058,1.6765857252346508,1.5103319939789155,0.6594731058851365,0.34595477509365075,0.11959035918719632,-2.590259991572916,2.590259991572914,-0.6218306750391642,0.46103923008420195,1.3130595928772348,1.6765290946957183,0.34595477509365075,0.11959035918719632,2.626811794067871,1.5103319939789155,0.0
32,0.23855073845484193,0.292479403273669,0.01970518987530573,-0.3275661315075084,-0.3736201135173478,0.33214777849823146,0.5775979719741539,0.094492666011396,0.5603778616662705,0.3005797170141018,0.7052785042001976,0.7145448851208288,0.18468205480880848,-0.7560423110147638,0.3764609216923162,0.5922975540646364,-0.7492991265617356,0.35299702286272083,0.5414191846590751,0.5262332626505701,-0.5262332626505714,0.6076857229584576,0.24555195730509044,-0.06211165016493898,0.37685372311794635,0.35299702286272083,0.5414191846590751,0.5288433391434731,0.5922975540646364,0.0
60,-0.36173846183789765,-0.2127536389969498,-0.40891908447713937,-0.5936912321152518,-0.6858995267298907,-0.498174281106558,-0.34692679167249635,-0.267548255307768,-0.2511919936986514,-0.2529097083088207,1.5553961336814257,-0.8162104148010305,-0.3932201250631963,0.07266040971434036,0.05284907102894058,-0.022072524035752692,0.14511947006149445,-0.017955814431141335,0.05120950131072657,0.6669446906177658,-0.6669446906177678,0.21976201148456562,0.32323966464524573,1.3130595928772348,0.05223410202587117,-0.017955814431141335,0.05120950131072657,0.3146061599792698,-0.022072524035752692,0.0
7,0.47811595570315923,0.45538065073884126,0.3802600726434663,0.44421834791594916,0.3177355167329957,0.4024236032129143,0.3938177863398894,0.5812204098451363,0.49923531732969584,0.6663310236553404,-0.23759316711815237,0.4774364445252635,0.4195726967969545,-0.8222097762928495,0.4687186861358232,0.5561585591723612,-0.8203811717503543,0.2938610713918947,0.3325251992496831,-0.15853750720116797,0.15853750720116727,0.1580261886379706,0.5551447255220984,-0.3311595120208856,0.46884117934671743,0.2938610713918947,0.3325251992496831,0.5356979600769987,0.5561585591723612,0.0
55,0.3344933548506759,0.40980986886944354,0.41131376264461705,0.11270615064549973,0.10582525060212562,0.1581062297437617,0.1611776429561368,1.5002664509152683,0.892937452913189,0.7892229526157912,-0.1792062930754465,0.24385810113684506,0.47817007658458843,-0.7301495821778438,-0.14869866052456343,0.8678752888667257,-0.7237616585729021,0.5238167037674256,0.4528053426191633,0.15855093480616592,-0.15855093480616658,-0.1282218591846563,0.24322440125782724,-0.42575152697371327,-0.1492143192915867,0.5238167037674256,0.4528053426191633,0.6706256456634545,0.8678752888667257,0.0
83,-0.168813362698489,0.3249118056028042,-0.15346378658490795,-1.1838323656674987,-1.0158479110535688,-0.8141696644280233,-0.4000794340095573,0.13018752543043666,-0.21467875451605736,1.3948431356748436,3.075203386365866,0.5143948220231525,-0.2032734262929869,0.17441054618846147,0.15362293680569458,0.9145641211232015,0.4320191093352573,0.6499796426895272,1.040069240364978,1.3960057020856083,-1.39600570208561,1.1593373349455023,-0.9628132801078576,1.3130595928772348,0.15424028078696136,0.6499796426895272,1.040069240364978,2.3842367728725553,0.9145641211232015,0.0
70,0.5607119765520124,0.715449853548176,0.42559241627899036,0.4021090847319985,0.18282788157267238,0.07821613289092064,0.36906225689842376,1.8507993498486115,0.532547192966729,0.3650172240378825,0.6099471983364332,-0.9072989765981377,0.455762818441832,-0.29705633578276985,0.6262665608008875,0.5860446637085678,-0.3026748989756929,0.47850643001816884,0.6806659316797962,0.06553254381770142,-0.06553254381770414,0.6461698712559477,0.7689055707510782,1.3130595928772348,0.6264908824783738,0.47850643001816884,0.6806659316797962,0.5550715535551811,0.5860446637085678,0.0
5,0.3392713845460562,0.24329534092228025,0.3931522704073975,0.5615765825368945,0.5651410491531782,0.35424168874443834,0.3517920342477998,1.3110573682135613,0.7022855296301693,1.0036179348332486,-0.5135329824659138,0.30584051087432523,0.45771878232955454,-0.8169256805344187,-0.07915049963638258,0.7815900890446824,-0.8142573956102244,0.0989268920654868,0.004208842674915566,-0.48600046273812064,0.4860004627381192,-0.28790053158289924,0.29832453669651215,-0.3880397551435866,-0.0787312119079443,0.0989268920654868,0.004208842674915566,0.7518318947546805,0.7815900890446824,0.0
85,-0.1285473537138834,0.011800368375942368,0.06350731279600452,-0.7238504396449223,-0.40116305125353,-0.12110889238421278,-0.2612821686376971,-1.4626280002186354,-0.48906810466737705,-0.62111517065922,-0.7148719165602708,0.4987624431898515,-0.06894552508463563,1.536252999856021,-0.12740840719144783,-0.6796562126154672,1.120687017385124,0.442387208239404,0.401984717338296,0.602341982094268,-0.6023419820942686,-0.05450271860914792,-0.9130382679868587,1.3130595928772348,-0.12753525809252605,0.442387208239404,0.401984717338296,-0.8303304991709545,-0.6796562126154672,0.0
73,0.6379880148253613,1.043142673203619,0.3871164104601623,-0.37779911536410576,-0.5057556792269464,-0.03881628512296224,-0.10722320175853199,-0.1913648270781025,0.305936948264178,0.14800105559642016,0.9901467668127061,0.6541486251538912,0.3263541786030278,-0.1705002857450711,1.2649741607943916,0.41114021946188256,-0.1821399329677466,1.0171690548149561,1.5081454068270361,0.9780608359785351,-0.978060835978537,1.3661464255214264,0.4810513188077509,-0.13186302384016232,1.2651079085861048,1.0171690548149561,1.5081454068270361,0.48764303461259795,0.41114021946188256,0.0
72,-1.3486572909740397,-1.496917469091565,-0.726290819176258,-0.7070450736094457,-0.47872434701950994,-0.8934933653253556,-1.193952113486659,-1.9522318818180289,-2.3323443900368095,-1.5443029444182093,-0.038662159998411515,-0.697079009423953,-1.0906955673060093,1.0012874478290745,-1.8448221760628694,-2.133705433630579,0.3784394110309744,-0.6722294013396983,-1.4959691980761998,-0.03131720163761716,0.03131720163761579,-3.4773427825551497,-0.6740911948741082,1.3130595928772348,-1.8444673949617838,-0.6722294013396983,-1.4959691980761998,-1.4498588819041203,-2.133705433630579,0.0
24,0.609233156372121,0.6508907774018354,0.644933967504802,0.7229074457163928,0.6062692902921438,0.24996759308556332,0.2740520073605542,0.2761125136989762,0.30995042786871413,0.559053064241899,-0.14139393022802624,0.4796433443688155,0.5697801089433592,-0.8008283203549784,0.4545251839137461,0.40589718069327285,-0.8018408338089469,0.44005577882965263,0.4282307618065026,-0.30585429273234177,0.30585429273234105,0.027788864601761408,0.5521326048373991,-0.4095638801996846,0.45446176493913026,0.44005577882965263,0.4282307618065026,0.46993518672867945,0.40589718069327285,0.0
45,0.0435671026379674,-0.07231229283752412,-0.15579591270449705,-0.16351013696347472,-0.24360991903135193,0.4338627361490547,0.7122528489371194,-0.19276202488879632,-0.10168174882250114,-0.26769412418153493,1.019896629062755,0.43162553299485507,-0.039703259982728695,-0.5436762886008337,0.39917052524764235,-0.015900827454652936,-0.5489440339590482,-0.022179367268821328,-0.0030706685712857708,0.17116547150149386,-0.1711654715014952,0.055058995612958454,0.3739301646762883,-0.5337169233043277,0.39945755733763755,-0.022179367268821328,-0.0030706685712857708,0.11156520173267734,-0.015900827454652936,0.0
12,0.5385694325389584,0.5918430650118282,0.5209771611463289,0.5745723799936687,0.4792744433220663,0.21423136545432778,0.18933574534587372,0.16571607733160598,0.10038242136155369,0.26284407265150933,0.02852828768802865,0.13933695194913961,0.43090148599531936,-0.8154144218047917,0.6291052612453024,0.17661137414823364,-0.8157437373874031,0.36454203551638736,0.43365016201167306,-0.2499851351697433,0.24998513516974188,0.25563412444954026,0.49809130364953536,-0.3229926685196536,0.6284906023247127,0.36454203551638736,0.43365016201167306,0.25452773839139614,0.17661137414823364,0.0
4,0.5207673949657099,0.45400248384685976,0.43049409808011396,0.44077098823052663,0.42074170217382867,0.5675449027801962,0.523428918555464,0.855031314099749,0.4511944697804401,0.5206642753943008,-0.2029351599618861,0.36913501173182667,0.4660959213203198,-0.8175800416296336,0.4701380363580317,0.4710155009325335,-0.8164665795312854,0.2798347659051552,0.33264378977283315,-0.25348127842361273,0.2534812784236113,0.1991142496403388,0.3276290928189659,-0.24959745927639515,0.4707122341704754,0.2798347659051552,0.33264378977283315,0.4124798874884529,0.4710155009325335,0.0
54,-2.066212530587694,-2.3999941425358275,-2.4713901491711314,-1.501938887087481,-1.4820676974577416,-0.8740138742189221,-1.0245470491238264,-1.3377128477240874,-1.4219641790858903,-1.6345235677628378,-1.344160996136205,-1.6751187911294223,-2.219303094779058,0.002663045324755867,-0.9222445316278078,-1.7912343291694328,0.3025918782176023,-2.4146432344609745,-2.2014372076068214,-0.5252551762795974,0.5252551762795966,0.9466140700827362,-0.8322844021681735,1.3130595928772348,-0.9216113465693558,-2.4146432344609745,-2.2014372076068214,-1.9952389857589865,-1.7912343291694328,0.0
23,0.39184952254728783,0.4294223070777261,0.3722415509020132,0.10457828287683464,0.09788879460782998,0.3278649638849763,0.4124977636458362,0.05273242238393351,0.407475081118899,0.2430930587518164,0.36689221217457174,0.20805059848842883,0.40065541908678076,-0.7979165144053391,0.24730005147140804,0.4179863554058519,-0.797431756729916,0.4722249714229532,0.4817086093013278,0.1370720925912576,-0.13707209259125827,0.09344557528620571,0.24116568706647662,-0.3763956265261035,0.2473206628356393,0.4722249714229532,0.4817086093013278,0.3557663026267542,0.4179863554058519,0.0
63,-1.3382579396752912,-1.1958919112768105,-2.043224514302501,-2.1523065526604186,-2.22196335252951,-0.835054892006055,-0.1996180400526418,-2.248111416752149,-2.578002542198169,-2.2660679311752374,4.8272880474242745,-3.038446971688561,-1.984762071465638,1.107840759525051,3.176838910108281,-1.8282582323544216,1.4074753412900052,-1.1333138418592563,-0.3459597030879257,3.0593558230829676,-3.0593558230829694,3.527858944003208,-5.374689354469199,1.3130595928772348,3.1771795088113164,-1.1333138418592563,-0.3459597030879257,-0.4010509898755316,-1.8282582323544216,0.0
48,-0.5323907485563912,-0.3813954080808458,-0.5991180055488509,0.37116587107937515,0.18812485148492789,-1.232065472651462,-1.4342056726761836,-0.49812305628709747,-0.13380714590363693,0.01665704678250641,0.06494885874268319,-0.30426360888327636,-0.6586807249080612,0.5203361216149704,0.3154288621373824,-0.06874130956304932,0.7359173616532196,-1.0593554353598784,-0.6760678040902957,-1.0932801316223548,1.0932801316223526,1.5390834269999651,0.6818505819321685,-0.08170868507807116,0.31487156725770504,-1.0593554353598784,-0.6760678040902957,0.038449460117400566,-0.06874130956304932,0.0
65,-1.2726620314831845,-1.5632182987220333,-1.3492435396824825,-1.3185018532079342,-1.3504157122118714,-0.11181635041334417,0.16298811778084596,-0.8871822738204569,-1.6264940433288317,-1.266701026434737,-0.6016395135776466,0.18064899979890423,-1.259121270368809,0.9279312033024805,-0.7803095094070291,-1.6554800174911404,0.7095890232949946,-0.8495695707702973,-1.251892629973754,1.1078165703308276,-1.107816570330829,-1.9320092455336375,-0.3131524076194839,-0.06776100229851799,-0.779924121520624,-0.8495695707702973,-1.251892629973754,-1.3906953597896872,-1.6554800174911404,0.0
68,0.01705343570855808,0.23819321606255242,-0.500557236167286,-1.7098795692774678,-1.807402150615458,0.3845997756375775,0.3294909453574473,-1.081314883385572,-0.13380714590363693,-1.9677875029746288,0.8453954934158644,-0.6335699326898317,-0.35298315230918953,1.0833606111208902,1.3983930816819232,-0.76136534873801,0.8399948951223674,0.8160184437314848,1.2128938466269288,2.554251545900062,-2.5542515459000628,1.1547789792698704,-0.45375065614308796,1.3130595928772348,1.3986859103859903,0.8160184437314848,1.2128938466269288,-1.531195004143072,-0.76136534873801,0.0
39,0.9442319389274675,0.9095440828353165,1.0933084942072921,0.6682843983906737,0.8981831342540771,0.8816538080835046,1.0358747154687171,-0.49485997897875295,0.3456557696728839,-0.23464873457682764,-0.4406486051434798,1.1911209601442792,1.0109351897836176,0.013342206364699575,0.2771064061377727,0.05637787170726528,-0.17884034397680573,0.8581951847651152,0.781292759334844,-0.2878663008324683,0.2878663008324669,-0.08878008691761917,-0.08194639893622617,-0.34558376469123697,0.27772803555657766,0.8581951847651152,0.781292759334844,-0.37398497975866524,0.05637787170726528,0.0
58,0.023257130360872437,0.2813301554748829,0.39402602264201225,0.07117264587953978,-0.06264083469768222,-0.661237894440956,-0.49423554329235087,0.5951333449816432,0.5077306270322974,0.5377114404578337,1.2850954011203306,-0.6400836841497417,0.31442583666718993,0.8964754976654645,-0.7079226480744333,0.7463270352786449,0.9942024114610029,0.6438213296979058,0.31416210140437384,0.37514525917647745,-0.37514525917647873,-0.8186243598241641,0.5452368991561984,1.3130595928772348,-0.708109422678963,0.6438213296979058,0.31416210140437384,0.9543315167460288,0.7463270352786449,0.0
26,-0.8644092370192676,-0.9488965817877816,-0.9398095185145671,-0.4368440144825247,-0.5082129419680224,-0.6080764738963081,-0.7606722418743483,-0.7914737063072504,-0.8942075350563722,-0.9009906736130319,0.6579478909051543,-0.46642140609683974,-0.9520399371923173,-0.7057008897976003,-0.01953779030365528,-0.8398809908073297,-0.6988189694838627,-0.9661839210851187,-0.9543680877218391,-0.24802997660778217,0.24802997660778142,-0.17654750889855736,0.2937337030963211,-0.3670021964780199,-0.019618245024927296,-0.9661839210851187,-0.9543680877218391,-0.605340527105448,-0.8398809908073297,0.0
35,0.30203339136700874,0.3757628936265947,0.2133463665323171,-0.07904454997420172,-0.1330660233117392,0.22580437761574468,0.23178616111978873,-0.07905069911545008,0.23548288675722978,0.038138147578846454,0.648938237101581,0.39668842321924863,0.2293476478301771,-0.7528388874294707,0.4545251839137461,0.26770606461799923,-0.7532639185365202,0.4344502959140104,0.512750868199837,0.3301839359395005,-0.3301839359395012,0.28809040796949215,0.3201304596801049,-0.19110227550593828,0.45509114799547057,0.4344502959140104,0.512750868199837,0.26485878284103254,0.26770606461799923,0.0
6,0.1810965551581273,0.118359928782394,0.2029417429671145,0.5721987274387109,0.4772603760196604,0.07124658521733784,-0.017451788049483115,0.4431897987435488,0.05631753568890532,0.32883511886330025,-0.2608297090980361,0.29136034070837286,0.15873874167641958,-0.8185690520916445,0.26007420347127863,0.13033324897821683,-0.8174356377833134,-0.1095907489783337,-0.15789650754532733,-0.5559093921199498,0.5559093921199484,-0.1856213860097077,0.4971496565654373,-0.29298516067967545,0.2605664585292607,-0.1095907489783337,-0.15789650754532733,0.21361502918044514,0.13033324897821683,0.0
56,0.5947214829796061,0.8315280849456369,1.0388111983061652,-0.571551809948417,-0.30122412673714133,0.4376051936142674,1.1261607245260477,1.8885120812691054,0.967181771346152,0.4104772280487421,-1.3243807107401782,-1.462716212274194,1.0863200261558492,1.9606900836948267,-0.866889872961704,0.5813807999352658,1.5592332987350028,1.8151998172526527,1.3468413882743657,1.0870940062109247,-1.0870940062109258,-0.8048424072159107,-0.677429687885184,-0.33077444899866154,-0.8664943508596299,1.8151998172526527,1.3468413882743657,-0.08640862226695524,0.5813807999352658,0.0
64,1.638267498722088,1.157424700243661,1.49743137538557,-0.5464604648260044,-0.18911872445353992,3.511036012629332,3.564938945788082,2.3342280473557606,3.407707204583184,1.9642768523173444,1.345957817723491,4.522426222909948,2.1590113799119597,2.813027835037531,-0.458117008965862,3.1987650667629453,3.141836025278987,2.404363269027643,1.7414524894958314,1.1816827947099429,-1.1816827947099449,-1.0401363131885928,-0.8496882525601316,-2.5225531714998564,-0.457426058779221,2.404363269027643,1.7414524894958314,2.3025426873537187,3.1987650667629453,0.0
95,1.221077148374629,1.3000608919807468,1.2864973925865635,0.85231599589292,0.6172534674109604,0.8340299249030897,0.8392963134768576,-0.7004338494044442,0.5007101511429518,-0.9270039425865405,1.6790994664986851,1.0421783376280376,1.1553739431437888,0.5951030190331361,0.6802018692447828,0.2022105633697006,0.27534735160898727,1.3905167799320075,1.1717883433716099,0.17602329170873898,-0.1760232917087417,-0.34532309261973115,0.796011552955608,0.03452200475153741,0.6794675344713096,1.3905167799320075,1.1717883433716099,-0.26856999298771045,0.2022105633697006,0.0
49,-2.4689510445210487,-2.4196414982906367,-2.793399015064069,-2.1523065526604186,-2.1526618311178294,-1.9825740044577747,-2.020889878261751,-2.1074134560841755,-2.010492800306687,-1.7083404414084429,-0.7399631876757387,-3.1354426525188557,-2.689618640401536,1.7984594167826635,-1.2657272854020925,-2.104254601551611,3.652270411366384,-2.3158079094118063,-1.8781343090921654,2.23282155132912,-2.2328215513291214,3.1243392738866103,-5.374689354469199,-2.5225531714998564,-1.2651578978433162,-2.3158079094118063,-1.8781343090921654,-1.8503128043150359,-2.104254601551611,0.0
19,0.5523782226709719,0.6727694749393689,0.5827729661188177,0.4847033263293072,0.38843850654634715,0.11017943053563636,0.08727179097094345,0.008483069101013242,0.08278083781763264,0.2778578418208453,0.4847047355620454,0.1371456826715711,0.46068001932886,-0.7638471425803699,0.5865247545790693,0.2426525490747876,-0.7684802943304797,0.5356606575951427,0.5830464518385434,-0.07636541845388925,0.07636541845388786,0.20819528047336208,0.4924823340545947,-0.40549417817483835,0.5859636954448262,0.5356606575951427,0.5830464518385434,0.429742409187114,0.2426525490747876,0.0
36,0.048545875454603524,0.4414480954972371,0.43410920298725986,-0.5205597214738364,-0.3313599875660664,-0.6515706531970685,-0.37068626774021474,-0.4654922832036543,-0.12048873158206727,0.8712814870670057,-0.2875109117548824,1.640464750370644,0.25528915759415327,0.953893461230113,-0.463794409854692,0.23552579034430765,0.8813547191886582,0.9364777722896584,0.8311711868756746,0.7704377592353742,-0.7704377592353757,-0.14977050499540948,-0.45375065614308796,-0.33077444899866154,-0.4641570366225681,0.9364777722896584,0.8311711868756746,0.7086554249160069,0.23552579034430765,0.0
82,2.472104373691194,2.469257533280345,2.2229619804433316,-0.06779480402920793,0.3060134689656992,3.0660878076554554,2.698398362007186,1.7681468858447222,2.625281667156231,1.8996958505642452,-1.0200686277243753,1.1495695294604988,2.455749594492909,0.8199856919650472,0.7965885874658223,2.302042967186347,0.6728401058245533,3.0612478498308104,3.127856955011754,1.0007864981428292,-1.000786498142831,0.38555156806762797,-0.5932104573102247,-0.5685617632322815,0.7965630762008257,3.0612478498308104,3.127856955011754,1.4061256856198827,2.302042967186347,0.0
88,1.5215205166453107,1.1272477697159557,1.39879003362797,1.3259160940182715,1.2950761727229907,2.1403767536787184,1.8565920862925456,2.550180128390771,1.822618181118031,2.5287276862438586,-0.39076765522229767,1.214605689005762,1.5947613476776574,-0.22372982136061081,0.42188012880296644,2.1442068653942923,-0.2023333039152407,0.9716237306720464,0.7020771238939606,-0.495072665586298,0.49507266558629653,-0.5621561163962223,0.442675119475554,-0.46850917746185106,0.42165881493451096,0.9716237306720464,0.7020771238939606,2.2135705102521697,2.1442068653942923,0.0
43,1.1455310730665893,1.2166389025539295,1.0573194519204843,1.0926276598584856,0.9995317617551752,0.6319865273727334,0.3896169664267757,0.5375922301337155,1.3598911940594525,1.1048503907329847,1.3560369440399378,-0.49603435250128836,1.069073908772003,0.012804156570229331,0.6901373208002383,1.5359647156522669,0.043279652181610444,0.7165884659309105,0.9387910424773079,-0.4362254192965975,0.4362254192965961,0.6965698300532227,0.5304370835221349,-0.16217608572933864,0.6900673647563457,0.7165884659309105,0.9387910424773079,1.5068441309102316,1.5359647156522669,0.0
92,-1.7646313429239842,-1.8442546511855118,-1.8615784873885364,-0.7793081475619944,-0.7421720423859731,-1.5363165718376612,-1.672705556251186,-1.747392203786715,-2.404596787731327,-2.175847307830609,-0.39470729712690067,-1.082367408277623,-2.0138374049342436,0.11740235747483546,0.13801008436140902,-2.49468848968422,-0.041552151263965796,-2.1428460905757616,-1.8921909568536721,-1.440664100910204,1.440664100910203,1.1915139632440743,-0.18036517290274837,0.46070120079343707,0.13810752844650329,-2.1428460905757616,-1.8921909568536721,-2.1630482484835607,-2.49468848968422,0.0
46,-2.0084782009636064,-1.9986267321161553,-1.720646225127702,-1.9031235390309407,-1.7186487533114105,-1.4543683678726653,-1.3120530953887837,0.34338519956738467,-1.1588657929982684,-0.08210663503974708,-0.3865223514457859,-0.2831750265705412,-1.6522338323706633,0.15934876205800344,-3.438752475602215,-0.8362729642600667,0.5479444524621749,-1.086452265327323,-1.4843058157740874,1.7001661317544183,-1.7001661317544197,-2.1612000670772993,-2.988779682553509,1.3130595928772348,-3.4390016722325245,-1.086452265327323,-1.4843058157740874,-0.2129888850979917,-0.8362729642600667,0.0
42,0.7096086826268728,0.6974490475176132,0.5250383249820643,-0.6383442638658257,-0.7025404142547281,1.2423916806406283,1.0172352391733384,-0.49367079411462045,-0.17596649264691705,-0.3943076750254091,0.10342158017023455,0.9496845154706592,0.4965378070582215,-0.42509656871266704,0.9754267154640022,-0.25839259096838296,-0.5055936121633091,1.3939347520633611,1.2146994127288033,1.3226855340929242,-1.3226855340929253,-0.2528611420384887,0.21568491856953337,1.3130595928772348,0.9756537045927174,1.3939347520633611,1.2146994127288033,-0.3301456675975426,-0.25839259096838296,0.0
52,-0.785124876001311,-0.7747760004137588,-0.8084055771602093,-0.3945561051659921,-0.4577677065025304,-0.7732820913802481,-1.0834705497717683,-0.45027928764448144,-1.5323606353830987,-0.9103201857802791,-0.3220013832388009,-1.446028391811024,-1.0033604252580426,-0.15486395360521144,0.5808473536902392,-1.4053185094844594,-0.23946006981520537,-0.8132438461643146,-0.7589845379902175,-0.17364822472541896,0.17364822472541755,0.048001194779860444,0.2791551074373974,1.3130595928772348,0.5810344484861845,-0.8132438461643146,-0.7589845379902175,-0.9604151989574454,-1.4053185094844594,0.0
99,-0.6356569123513944,-0.5933927500298253,-0.7801239095121437,-0.8462325247581544,-1.001759644085415,-0.4275788880698945,-0.3255495322025966,-1.0859720296920534,-0.45626036441215057,-0.8134920904129068,0.623638161045348,-0.23922157583592044,-0.7020718983915243,-0.6175413758580408,0.03297816791803349,-0.5288071501203295,-0.6064969414222661,-0.2998913897272518,-0.29027089935731204,0.9098893586709299,-0.9098893586709318,-0.02493454251211478,0.513246031300908,0.03452200475153741,0.03284484061533623,-0.2998913897272518,-0.29027089935731204,-0.5360953833610068,-0.5288071501203295,0.0
00,0.05648988583048816,0.10107795705921584,0.11252971879196984,0.07850602054490907,0.12521023111384855,-0.08578834490951766,-0.02821128684853703,0.46038437878239125,0.2452932596401559,0.08514340596169108,-0.1592227385335639,-0.1453823067828651,0.12147349682083254,-0.6987158085052234,-0.05360219563664346,0.16722269207767895,-0.7000458995051321,0.05996065245021216,0.08455758729104607,-0.13483077264522345,0.13483077264522272,0.08489760849673414,0.11517789419974162,-0.12249138326389862,-0.05375242083405421,0.05996065245021216,0.08455758729104607,0.022899851968214254,0.16722269207767895,0.0
77,-0.12706185109865076,-0.1199309136720476,-0.014282784780635336,-0.07816550924627863,0.0619493253603274,-0.1311989286287008,-0.09239215196195567,-0.29488316653086477,0.11552702622899326,0.20417480765679583,-0.22465588834911476,0.4154357128687901,-0.003455574175186141,-0.7211233105593102,-0.3218593876339133,0.12274418829381659,-0.7192597392033362,-0.07501235000507253,-0.10834425725951576,-0.16493250859893493,0.16493250859893355,-0.12790032299769605,-0.1368621077144248,-0.2984304921561957,-0.321964382012511,-0.07501235000507253,-0.10834425725951576,0.11046863415861777,0.12274418829381659,0.0
90,-1.2119250794534564,-1.3315868762430056,-1.2032317760866014,-0.7694946436918954,-0.612628021969367,-0.764832529005085,-1.0652842841396875,-0.8915051540152722,-1.209310208587459,-0.06290258579653109,0.6719629079329351,-1.0465096085742425,-1.2417257717123786,0.016930846272682876,-0.5319232205206663,-0.6956010460284687,0.1967389953739105,-1.2699314538650508,-1.2555636443464173,-0.4135147146529939,0.4135147146529931,-0.26824999009136075,-0.5318607942117568,1.3130595928772348,-0.531849743721549,-1.2699314538650508,-1.2555636443464173,0.17903041213534165,-0.6956010460284687,0.0
59,-1.308215369256684,-1.1838851938710941,-1.1912181499679528,-0.947921986784608,-0.9240319172015931,-1.4021245219933418,-0.9607132567552231,-1.3832327761754903,-0.47786618254419605,0.03455796411278978,-0.500202152572379,1.1305710877024284,-1.0963491043693494,1.2015525492353272,-1.6205648409540394,-0.369927823567919,1.7120953569893338,-0.9823154285896931,-0.9751899216342643,0.30424158390347583,-0.30424158390347716,-0.2028182545592683,-0.23979679969412687,-2.5225531714998564,-1.6205862135293456,-0.9823154285896931,-0.9751899216342643,-0.1446757273796544,-0.369927823567919,0.0
67,-0.6479390963202647,-0.6019269522674788,-0.4343597044931007,0.6005724550557201,0.7397546087534422,-1.232065472651462,-1.3640586480953005,-1.112280821107615,-1.5100432924658733,-2.0598493635303723,-1.8188878456408575,-0.6335699326898317,-0.7571368805689487,3.1112255748439,0.1919453928053043,-2.096240769693388,1.523134678564155,-1.2904754556704336,-1.0748972941489205,-1.8080126661341358,1.808012666134135,0.7694524452426224,0.05531196782168179,-2.5225531714998564,0.19164826787016292,-1.2904754556704336,-1.0748972941489205,-2.5585986534772,-2.096240769693388,0.0
3,0.3284148920349482,0.27518018850256093,0.39875175672068325,0.5843841053538091,0.6323652697434188,0.22080597258512966,0.1684289713495033,0.868443395973084,0.3391093051257006,0.5713619088672929,-0.05002635393950959,-0.05929135372850081,0.3768791323549883,-0.8087415923403695,0.11104243013946138,0.44387702405568424,-0.807507406575321,0.04909695180814646,0.03192925902792989,-0.5725147302340269,0.5725147302340247,-0.05090399888795208,0.21733300977479728,-0.34140177018999773,0.11093391167537581,0.04909695180814646,0.03192925902792989,0.5136794902550915,0.44387702405568424,0.0
21,0.6208845683011409,0.751784222476591,0.6614094567499395,0.06805739115448989,0.12490751937011503,0.39203913254658673,0.4757624352103161,0.3215462206521538,0.5474699874676685,0.03455796411278978,0.9919948158998466,0.4705141141077104,0.6484542890634569,-0.780994357416814,0.2756870559155642,0.519584080437903,-0.7831661917423179,0.8815121036223286,0.9048524653762314,0.32765918513988285,-0.3276591851398855,0.17533406901350534,0.09013116388326779,-0.3543927541980278,0.2750263483842095,0.8815121036223286,0.9048524653762314,0.38279490837741315,0.519584080437903,0.0
16,0.04954474037240361,0.03340174231504936,0.050310668943231836,0.2019718620736198,0.16479794385400862,-0.007575751625570323,-0.1105264362113997,0.1464198852425016,-0.12247155815353038,-0.02736841115276131,-0.3319243959163086,-0.15418200622036202,0.0025021166921642473,-0.8002695307142558,0.28562250747101775,-0.14145149397506782,-0.8008487427203148,-0.06741619273698898,-0.06622099772276514,-0.2550492019668328,0.25504920196683206,-0.011506000546883298,0.328049095791804,-0.4293195388475524,0.28619096639127195,-0.06741619273698898,-0.06622099772276514,-0.1427830603922351,-0.14145149397506782,0.0
30,0.17050167673494498,0.1533661572751993,0.11367681594028896,0.33645528533220814,0.2160781648948995,0.0703053364332576,0.02134508737713967,0.07408433618659305,0.019632914019047626,0.108619669843455,0.07647681469488121,-0.08221003765977324,0.09101422343233824,-0.7609586003599681,0.43181558035842,0.06907865698377212,-0.7619795125078594,-0.017004143759274344,0.012038988315673614,-0.26745400143529,0.2674540014352879,0.08839876653468565,0.5336376940576307,-0.2958611596136867,0.43217311983447276,-0.017004143759274344,0.012038988315673614,0.12804911087918916,0.06907865698377212,0.0
13,0.5578396194109136,0.5574535082200446,0.5815491598979455,0.6866945290347432,0.6041530193936786,0.3127641246342533,0.2718995622730798,0.531507615979386,0.44259263754749284,0.3214582234656682,0.13013734294129253,0.4655002698827017,0.5443904846967674,-0.8186915950061319,0.36652547013686265,0.43571001760918515,-0.8180757816113476,0.34704547122417995,0.3306156604893572,-0.3599908440243591,0.3599908440243577,0.0006520666993522578,0.4816682552813834,-0.328282658727514,0.36635004250002634,0.34704547122417995,0.3306156604893572,0.34495591397060926,0.43571001760918515,0.0
41,0.6570092641960693,0.6760839756751973,0.536491456220177,0.4446476675092983,0.3176911150369075,0.5153878837962068,0.5098168158388098,-0.13854723258243765,0.33999081913679907,-0.27870808916717027,0.9421103242212695,0.9967903936560154,0.5248363005497297,-0.6343430148851018,0.7298791270220565,0.2503511100000359,-0.6527625745935207,0.527668704105934,0.6086233417716219,-0.022170489685401154,0.02217048968539978,0.3024280673279569,0.5562236618539749,-0.1751581597010767,0.7291914922564814,0.527668704105934,0.6086233417716219,0.07382591679296792,0.2503511100000359,0.0
31,-0.17022109820058,-0.18530397034352863,-0.14565968019812858,-0.390134568177182,-0.2811621422836291,0.040287414686149735,-0.06583958774069122,-0.0685724881061845,-0.2716087988711882,-0.04568353465749762,-0.09930805442090113,-0.21839200975353174,-0.16300874978024632,-0.71174420484429,0.017365315473745896,-0.20821101200634864,-0.7146132466775367,0.025503402537687767,-0.02331144793603052,0.24009304614163376,-0.2400930461416351,-0.1576041091043097,-0.18896220067760175,-0.2851123922798864,0.017562638983193418,0.025503402537687767,-0.02331144793603052,-0.07758940972079022,-0.20821101200634864,0.0
0,0.751134490318508,0.8864368535693414,0.6079688689352454,0.11509426876736538,0.08157480788979006,0.5148104937312298,0.6583356749203111,0.5018658868272285,0.7072493650061195,0.5365477129053114,0.9491459948397751,0.6260697837000077,0.6593499360934986,-0.7782972219058742,0.639040712800758,0.8212460263624024,-0.7770541756938716,0.8390700485446885,1.0482804754537443,0.3442905449252349,-0.3442905449252369,0.6591641542091029,0.3050856851875743,-0.3062050174647014,0.6383930627803902,0.8390700485446885,1.0482804754537443,0.8344958682947322,0.8212460263624024,0.0
28,0.8052263699109194,0.8106669929279824,0.8879509000527317,0.45176818436836125,0.40827177510276796,0.7271651965477386,0.76784213950478,0.05208028310298485,0.7328496707152846,0.5222370092188899,-0.5091121910390579,1.1639467286287684,0.8871911000542313,-0.5502471149878551,0.1947840932497193,0.6043122715025442,-0.5780376450717151,0.9751253920765492,0.7733167044803427,0.13966942668315305,-0.13966942668315507,-0.3889227660026004,0.3776408134371222,-0.43040075456689775,0.19484744078123611,0.9751253920765492,0.7733167044803427,0.3057132472752648,0.6043122715025442,0.0
79,-0.6635772185740221,-0.5767786182812837,-0.4969570195323742,-0.6943673413370689,-0.5077340783121963,-0.6559802720100699,-0.5924413777055871,-0.9839351581807266,-0.7060316489479352,-1.2910520718718839,-0.04907283652263637,-1.3912220761846128,-0.5675521038584488,-0.06616708218315037,-0.5745037271868996,-0.9896993023224823,-0.16604519887947333,-0.30395789529222134,-0.35070690430562745,0.2754911371618884,-0.2754911371618897,-0.22718913751695324,-0.5584514795117285,1.3130595928772348,-0.5741710926495538,-0.30395789529222134,-0.35070690430562745,-1.2180171373504325,-0.9896993023224823,0.0
29,0.4620994403108086,0.4281277911556846,0.45909811944193957,0.3456762506375591,0.43307394720551495,0.4643260318946975,0.5169208258513411,0.5540179511287351,0.5865930098277062,0.3826313566460789,-0.12576053602207024,0.6488081325039494,0.5093086000983528,-0.6782184136618681,0.16639708880556517,0.5131354365541562,-0.6829306100671919,0.3119566851494161,0.3511169794225172,-0.24403543415364684,0.24403543415364612,0.1615349840055441,0.09422597950292727,-0.45722322145065336,0.16569823655121146,0.3119566851494161,0.3511169794225172,0.3113902558481407,0.5131354365541562,0.0
97,0.1427042248237719,0.05382025298444189,0.18488811453177817,1.0913200622551171,0.7646264783077046,-0.18957539125196265,-0.17953048301357102,-0.8400972662439765,-0.4012348516560719,-0.2217506249344501,-0.06563527644753933,-0.6431925200737897,0.04720725616988116,0.35769034908454894,0.4729767368024467,-0.3582409854413439,0.20816371136360415,-0.3854304670452371,-0.5163965571961954,-0.9900662186627189,0.9900662186627167,-0.5575452737210719,0.9723172931677443,1.3130595928772348,0.4730952755048165,-0.3854304670452371,-0.5163965571961954,-0.22942788027085353,-0.3582409854413439,0.0
18,-0.03271981795023966,0.049351045706998976,-0.10063350764802424,-0.11869290670972206,-0.23717694906737383,-0.18313490602839774,-0.14487248932839294,-0.43221128811378073,-0.316520159982682,-0.2715083314634256,0.5489428951647429,0.20472917634507423,-0.14730525987425122,-0.791655499974016,0.4743960870246552,-0.2285359411927544,-0.7919252705332303,0.054789984799298405,0.12528168024190411,0.2127464803677196,-0.21274648036772092,0.2314773020481332,0.48563184757255273,-0.1267178987954717,0.47487510453047405,0.054789984799298405,0.12528168024190411,-0.05845750729602234,-0.2285359411927544,0.0
57,0.025080850795886477,0.28096099147106285,-0.1688149945337523,-1.0103253321667742,-1.1889672519017562,-0.07040916857424014,0.25986314375643743,2.0897254955701587,0.7475544484750802,0.9987032265391955,0.7023298784123476,-0.23869484418752243,0.0334376730995902,-0.29620103165627526,0.10394567902842285,0.998219433591821,-0.18935497836225534,0.7769110887033618,0.892227034059722,1.6620062161427938,-1.6620062161427958,0.41027458876072415,0.5989874733495624,1.3130595928772348,0.10338104995564366,0.7769110887033618,0.892227034059722,1.1770516621716292,0.998219433591821,0.0
1,-0.010005120096307689,-0.07587157745629586,-0.0370439955931783,0.20637264797806842,0.1995547805679171,0.04273442503653336,0.048347153678376116,0.31359758199449483,0.06881246421407453,0.15754818540052254,-0.04926527046947973,0.1992611516136498,-0.009771228430242628,-0.8085677916840087,0.11388113058387639,0.10104527224646645,-0.8066803856184618,-0.22822050095288182,-0.20538889502068278,-0.3988534475847223,0.3988534475847216,0.03459120087716254,0.2610188480726351,-0.43910132443897976,0.11327430456128962,-0.22822050095288182,-0.20538889502068278,0.1291042748319565,0.10104527224646645,0.0
8,0.5951243738595451,0.5270697901819533,0.7323905743950199,1.1043896909492907,1.0405367951293598,0.3039324154611618,0.2692389399590058,0.7037927543164183,0.48020035856312915,0.6038521453798604,-0.4553019063442747,0.23502693891157908,0.663020799049194,-0.8191481497122098,0.1578809874723181,0.484368411744286,-0.8188352386258411,0.19489138832440128,0.0691360261074901,-0.7794649882636603,0.7794649882636587,-0.36092508147516983,0.4803032837143634,-0.4436033069904892,0.1584363243981034,0.19489138832440128,0.0691360261074901,0.400636006482832,0.484368411744286,0.0
71,-1.7744129109772624,-1.7999299942846345,-1.6290612959357245,-1.0790925830681122,-1.0689426407255,-1.52320166693432,-1.5501913469831883,-1.1466192867003755,-0.644785913191596,-1.383513714695109,-0.1737948028029534,-0.5664976404293732,-1.5289606392020154,-0.2322768343262735,-2.4835297760563737,-1.0078671895028877,-0.08388943625129167,-1.5119845444433224,-1.6763309501398407,0.012032497929892444,-0.012032497929894498,-1.4078028338269244,-0.2840631148214978,-0.4677606191549861,-2.4829065815883125,-1.5119845444433224,-1.6763309501398407,-1.3480933636676828,-1.0078671895028877,0.0
93,1.1146890479170366,1.2045939471946914,1.2847901930854926,-0.11990759774498802,0.221934417252998,1.200551928616247,1.6417413551955382,2.03076185767974,3.339468828982806,1.669806762234182,-0.038662159998411515,0.9700342548467326,1.7356691402880462,1.0668261911341395,-0.8697285734061211,2.818241617361671,1.2840815938772063,1.7302632097885242,1.5723334461152039,0.6193690295612613,-0.6193690295612618,-0.1525744690829748,-0.5607275843675681,-0.3141700647372886,-0.8701353696015508,1.7302632097885242,1.5723334461152039,1.5392436103773568,2.818241617361671,0.0
76,0.9550250945530971,0.6861051101559007,1.220386710458129,2.2986798864458384,2.501410930352891,0.6069920728006462,0.4963624386150758,0.8103000078957447,-0.12183987506396571,0.2470340698157192,-0.6148704737087682,-1.0385553495450988,0.9564818069527458,1.0555941371409623,0.4445897323582905,-0.07257401175611283,0.5976512807591071,-0.33986876343658456,-0.37060976655375594,-2.015483520869534,2.0154835208695316,-0.1786016552531244,0.22102689111902013,-2.5225531714998564,0.44493663373238196,-0.33986876343658456,-0.37060976655375594,0.012392121185013224,-0.07257401175611283,0.0
80,-1.4526508039615258,-1.8205051002731054,-1.83163683460052,-1.3185018532079342,-1.4510231245176675,-0.13679005696005372,-0.5168984281569438,-0.33277288883541944,-0.40376115926776823,-1.266701026434737,-0.44948347206974504,0.2946396503473268,-1.503900787177157,1.5493059314545048,-0.6724388925192386,-0.8485487942285646,2.242809681302258,-1.484260703469284,-1.5740241411749514,0.782042927184603,-0.7820429271846049,-0.9543635911733598,0.24924058647492747,-0.22118551287360164,-0.6718173837839465,-1.484260703469284,-1.5740241411749514,-1.3369103396856568,-0.8485487942285646,0.0
47,0.2606584705683299,0.23545369377451955,0.35137621494396876,0.6753789498306154,0.776890973899149,0.018171016581330496,-0.17765897148819168,-0.03318520875033703,0.027751010431929922,0.48986390490478177,-1.0080190033192464,-0.1365423756401863,0.24374485401632254,-0.1515319600370985,0.2742677056933557,0.06157056500109352,-0.20263564230092018,-0.1469337899599472,-0.0664856069103901,-0.8207633970948185,0.8207633970948163,0.24415212198942626,0.13676198765604464,1.3130595928772348,0.27406025675977685,-0.1469337899599472,-0.0664856069103901,0.09924991762630452,0.06157056500109352,0.0
66,-0.35680518323317806,-0.4715050712968892,-0.45179883918146163,-0.2097508012478208,-0.2951969545713563,-0.03367281702525299,-0.030133777436250266,-0.367599963953325,-0.05833613141474053,-1.1417055391706734,-1.4998509844146126,-0.03262383025943593,-0.35122855132085007,-0.3334592587961483,-0.07205374852534405,-0.7398351000129234,-0.3934971221979614,-0.4204204114690859,-0.4781375360711265,-0.04672522097939073,0.04672522097938867,-0.2988048034073563,0.38079450322215885,1.3130595928772348,-0.07191381915183828,-0.4204204114690859,-0.4781375360711265,-1.5919554350176712,-0.7398351000129234,0.0
84,-1.405768482532741,-1.4671818633385312,-0.9554753554757857,0.2169745605378974,0.9147825592352556,-1.680656407577136,-2.001131625436435,-0.2452345648904136,-0.959548833840979,2.4934397069069694,-0.8460869245247667,-0.480870513219813,-1.137923123992037,0.34559024960214124,-1.9597895440617006,0.27664170609707245,0.926036833081332,-2.221775471938212,-1.9530262848706854,-3.186287263390336,3.186287263390334,1.394969259101181,-0.9513736705805602,-2.5225531714998564,-1.9602149168210634,-2.221775471938212,-1.9530262848706854,2.0198039477904572,0.27664170609707245,0.0
14,0.3428324336646788,0.42757366987300577,0.31061713273253905,0.07282702028321533,-0.03199663819433503,0.16601613491880032,0.18592079889382687,-0.11861663204138714,0.0838763599708705,0.008739333347957992,0.2515211477345146,0.5524756456354268,0.2705510164589939,-0.8149943353723491,0.46729933591361467,0.09654397251279372,-0.8148834746892744,0.4924821625522445,0.49637879963603987,0.26654034459388165,-0.2665403445938823,0.07999123898173621,0.4715401248273628,-0.33846790005268257,0.46697358896680513,0.4924821625522445,0.49637879963603987,0.09703671415929084,0.09654397251279372,0.0
